{
  "overall": {
    "completed_tiles": 570,
    "total_tiles": 1392,
    "completed_tasks": 26,
    "total_tasks": 87
  },
  "latency": {
    "tile_mean": 33.97017543859649,
    "tile_p95": 215,
    "tile_p99": 391,
    "task_mean": 30.03846153846154,
    "task_p95": 79,
    "task_p99": 166
  },
  "resource": {
    "avg_queue_len": {
      "0": 0.62,
      "1": 0.625,
      "2": 2.175,
      "3": 1.8525,
      "4": 1.0125,
      "5": 2.6125,
      "6": 2.2625,
      "7": 4.9825,
      "8": 0.9875,
      "9": 0.94,
      "10": 1.1675,
      "11": 1.05,
      "12": 0.915,
      "13": 0.325,
      "14": 2.025,
      "15": 0.545,
      "16": 0.9125,
      "17": 1.0925,
      "18": 2.9125,
      "19": 5.7375
    },
    "compute_busy_time": {},
    "mem_peak_gb": {
      "0": 0.4669882905587913,
      "1": 0.5035581686086442,
      "2": 1.0607945080350702,
      "3": 0.9060255345600963,
      "4": 0.8074542297337189,
      "5": 0.967691062513338,
      "6": 0.7801394211772813,
      "7": 1.5600387411469219,
      "8": 0.8424299280139221,
      "9": 0.5038565639774246,
      "10": 0.9377423569678474,
      "11": 0.9689929266753947,
      "12": 0.5031267381907049,
      "13": 0.5616986159696179,
      "14": 1.0302324727223984,
      "15": 0.49969639831032375,
      "16": 0.8105308780314074,
      "17": 0.8371312549144562,
      "18": 0.9995301530222305,
      "19": 1.5284280869298597
    },
    "vram_peak_gb": {
      "0": 0.8668703377213729,
      "1": 0.8659178261543231,
      "2": 0.8674589175368863,
      "3": 0.8671237911554218,
      "4": 0.8665884867638346,
      "5": 0.8676152750716624,
      "6": 0.8669965277720102,
      "7": 0.8672472698497689,
      "8": 0.8655237846865285,
      "9": 0.8669191122815358,
      "10": 0.8668698230720154,
      "11": 0.8655989103994348,
      "12": 0.8676209902511569,
      "13": 0.8659351417748017,
      "14": 0.8672115128776096,
      "15": 0.8656089791709272,
      "16": 0.8654486620369433,
      "17": 0.86636107863966,
      "18": 0.8671825283327433,
      "19": 0.8678249569131563
    }
  },
  "network": {
    "link_utilization": {
      "0-1": 0.04059040335883933,
      "0-2": 0.0,
      "0-3": 0.0,
      "0-4": 0.0,
      "0-5": 0.0,
      "0-6": 0.0,
      "0-7": 0.0,
      "0-8": 0.046510845263326446,
      "0-9": 0.0,
      "0-10": 0.0,
      "0-11": 0.0,
      "0-12": 0.0,
      "0-13": 0.0,
      "0-14": 0.0,
      "0-15": 0.11784574937885334,
      "0-16": 0.0,
      "0-17": 0.0,
      "0-18": 0.0,
      "0-19": 0.0,
      "1-2": 0.0,
      "1-3": 0.0,
      "1-4": 0.0,
      "1-5": 0.0,
      "1-6": 0.0,
      "1-7": 0.0,
      "1-8": 0.05212524963414927,
      "1-9": 0.0,
      "1-10": 0.007545051336692954,
      "1-11": 0.0,
      "1-12": 0.0,
      "1-13": 0.0,
      "1-14": 0.0,
      "1-15": 0.010005240694779398,
      "1-16": 0.022632427552843695,
      "1-17": 0.0,
      "1-18": 0.0,
      "1-19": 0.0,
      "2-3": 0.0,
      "2-4": 0.0,
      "2-5": 0.008673078151743953,
      "2-6": 0.0,
      "2-7": 0.0,
      "2-8": 0.0,
      "2-9": 0.0,
      "2-10": 0.0,
      "2-11": 0.0,
      "2-12": 0.0,
      "2-13": 0.0,
      "2-14": 0.4159380811581066,
      "2-15": 0.0,
      "2-16": 0.0,
      "2-17": 0.0,
      "2-18": 0.021780354804672993,
      "2-19": 0.0,
      "3-4": 0.0,
      "3-5": 0.004800956411287935,
      "3-6": 0.20824475807758422,
      "3-7": 0.03322182716631593,
      "3-8": 0.0,
      "3-10": 0.0,
      "3-11": 0.0,
      "3-13": 0.0,
      "3-14": 0.0,
      "3-15": 0.0,
      "3-16": 0.0,
      "3-17": 0.0,
      "3-18": 0.0,
      "3-19": 0.19744919850071604,
      "4-5": 0.0,
      "4-6": 0.0,
      "4-8": 0.0,
      "4-9": 0.0,
      "4-10": 0.0,
      "4-11": 0.0,
      "4-12": 0.0,
      "4-14": 0.0,
      "4-15": 0.0,
      "4-16": 0.0,
      "4-17": 0.16977981131604886,
      "4-18": 0.0,
      "5-6": 0.0,
      "5-7": 0.0,
      "5-8": 0.0,
      "5-9": 0.0,
      "5-10": 0.0,
      "5-11": 0.0,
      "5-13": 0.0,
      "5-14": 0.0013758627178938195,
      "5-15": 0.0,
      "5-16": 0.0,
      "5-17": 0.0,
      "5-18": 0.5282507799372194,
      "5-19": 0.0,
      "6-7": 0.130403539461578,
      "6-8": 0.0,
      "6-10": 0.0,
      "6-11": 0.0,
      "6-13": 0.008344733820442258,
      "6-14": 0.0,
      "6-15": 0.0,
      "6-16": 0.010117685896517892,
      "6-17": 0.0,
      "6-18": 0.0,
      "6-19": 0.19774969361953051,
      "7-8": 0.0,
      "7-13": 0.013546742970255756,
      "7-14": 0.0,
      "7-15": 0.0,
      "7-16": 0.013102883155901553,
      "7-18": 0.0,
      "7-19": 0.8966773010908822,
      "8-9": 0.0,
      "8-10": 0.0,
      "8-11": 0.0,
      "8-12": 0.0,
      "8-13": 0.013540776078552145,
      "8-14": 0.0,
      "8-15": 0.0,
      "8-16": 0.18185699281409073,
      "8-17": 0.0,
      "8-18": 0.0,
      "8-19": 0.0,
      "9-10": 0.0,
      "9-11": 0.0,
      "9-12": 0.2544663239216917,
      "9-14": 0.0,
      "9-15": 0.0,
      "9-17": 0.0,
      "9-18": 0.0,
      "10-11": 0.18461778157084502,
      "10-12": 0.0,
      "10-14": 0.0,
      "10-15": 0.013311232507478106,
      "10-17": 0.0,
      "10-18": 0.0,
      "11-12": 0.0,
      "11-14": 0.00512274607071277,
      "11-15": 0.0,
      "11-17": 0.0,
      "11-18": 0.0,
      "12-14": 0.0,
      "12-15": 0.014116395613337123,
      "12-17": 0.0,
      "13-14": 0.0,
      "13-15": 0.0,
      "13-16": 0.0,
      "13-18": 0.0,
      "13-19": 0.025823951451447735,
      "14-15": 0.0,
      "14-16": 0.0,
      "14-17": 0.0,
      "14-18": 0.00976327393631658,
      "14-19": 0.0,
      "15-16": 0.0,
      "15-17": 0.0,
      "15-18": 0.0,
      "15-19": 0.0,
      "16-17": 0.0,
      "16-18": 0.0,
      "16-19": 0.012446061007335448,
      "17-18": 0.0,
      "18-19": 0.0,
      "sat10->gs_urumqi": 0.05656416263386838,
      "sat2->gs_beijing": 0.05127180473723032,
      "11-16": 0.0,
      "10-16": 0.0,
      "sat17->gs_urumqi": 0.056713384184344524,
      "sat6->gs_beijing": 0.05073246125447331,
      "sat5->gs_beijing": 0.051087359964664666,
      "7-11": 0.0,
      "7-10": 0.0,
      "sat18->gs_beijing": 0.05100390154084656,
      "4-7": 0.0,
      "11-19": 0.0,
      "10-19": 0.0,
      "7-17": 0.0,
      "12-16": 0.0,
      "4-19": 0.0,
      "17-19": 0.0,
      "sat4->gs_urumqi": 0.056915138244531184,
      "sat11->gs_beijing": 0.05065934648638029,
      "sat14->gs_beijing": 0.051077895760156485,
      "sat15->gs_beijing": 0.0515605470308506,
      "sat10->gs_beijing": 0.05115150847046866
    }
  },
  "failures": {}
}