{
  "overall": {
    "completed_tiles": 265,
    "total_tiles": 3456,
    "completed_tasks": 6,
    "total_tasks": 108
  },
  "latency": {
    "tile_mean": 22.10566037735849,
    "tile_p95": 40,
    "tile_p99": 75,
    "task_mean": 32.0,
    "task_p95": 32,
    "task_p99": 32
  },
  "resource": {
    "avg_queue_len": {
      "0": 1.276851851851852,
      "1": 1.601388888888889,
      "2": 3.9125,
      "3": 1.6564814814814814,
      "4": 2.2041666666666666,
      "5": 2.6259259259259258,
      "6": 1.5430555555555556,
      "7": 2.073148148148148,
      "8": 1.6574074074074074,
      "9": 0.3662037037037037,
      "10": 1.2384259259259258,
      "11": 0.925,
      "12": 0.3486111111111111,
      "13": 0.5699074074074074,
      "14": 1.5004629629629629,
      "15": 1.0949074074074074,
      "16": 2.1041666666666665,
      "17": 2.087962962962963,
      "18": 3.937962962962963,
      "19": 2.1481481481481484
    },
    "compute_busy_time": {},
    "mem_peak_gb": {
      "0": 0.9868207651222101,
      "1": 1.2785095214050144,
      "2": 1.7917366236446026,
      "3": 1.199204959555782,
      "4": 1.4369444561041775,
      "5": 1.770995389261908,
      "6": 1.2211439401855366,
      "7": 1.491118222413055,
      "8": 1.050744553449333,
      "9": 0.6869082811196136,
      "10": 0.6854410438778387,
      "11": 0.6896403728330571,
      "12": 0.6857596494999812,
      "13": 0.6854066026513144,
      "14": 1.349092375966059,
      "15": 0.9651920826720247,
      "16": 1.512187446785796,
      "17": 1.458003548117868,
      "18": 1.4713177422678243,
      "19": 1.2232721483681488
    },
    "vram_peak_gb": {
      "0": 0.8229316422143297,
      "1": 0.8230116871780939,
      "2": 0.8232804916958247,
      "3": 0.8228738227974544,
      "4": 0.8229639702350209,
      "5": 0.8230476501442994,
      "6": 0.8229988977429078,
      "7": 0.8227688753625623,
      "8": 0.8231524881790533,
      "9": 0.8228570810240877,
      "10": 0.823252310661016,
      "11": 0.8229627782387307,
      "12": 0.822756726094975,
      "13": 0.8226781602512688,
      "14": 0.8229480742423757,
      "15": 0.8228558965578178,
      "16": 0.8229194050466667,
      "17": 0.8228791378999722,
      "18": 0.8232721226308931,
      "19": 0.8232532509394375
    }
  },
  "network": {
    "link_utilization": {
      "0-1": 0.0,
      "0-2": 0.0,
      "0-3": 0.002833459340062919,
      "0-4": 0.0,
      "0-5": 0.0,
      "0-6": 0.0,
      "0-7": 0.0,
      "0-8": 0.1603679278652124,
      "0-9": 0.040137425429123595,
      "0-10": 0.0,
      "0-11": 0.0,
      "0-12": 0.0,
      "0-13": 0.001445267269938584,
      "0-14": 0.0,
      "0-15": 0.0,
      "0-16": 0.0,
      "0-17": 0.0,
      "0-18": 0.0,
      "0-19": 0.0,
      "1-2": 0.0,
      "1-3": 0.0,
      "1-4": 0.0,
      "1-5": 0.0,
      "1-6": 0.0,
      "1-7": 0.04746805211196622,
      "1-8": 0.0010651881177061735,
      "1-9": 0.0,
      "1-10": 0.06708939085575531,
      "1-11": 0.0018363206528410026,
      "1-12": 0.0007096840708764997,
      "1-13": 0.009246618012269413,
      "1-14": 0.001981513981907221,
      "1-15": 0.0897818276807836,
      "1-16": 0.050680596567098835,
      "1-17": 0.011227617432555194,
      "1-18": 0.0,
      "1-19": 0.001082042000359351,
      "2-3": 0.0,
      "2-4": 0.014925245169722502,
      "2-5": 0.15495185045785348,
      "2-6": 0.0,
      "2-7": 0.024021125100523875,
      "2-8": 0.0,
      "2-9": 0.0,
      "2-10": 0.0,
      "2-11": 0.0,
      "2-12": 0.0,
      "2-13": 0.0,
      "2-14": 0.09006206182603822,
      "2-15": 0.0,
      "2-16": 0.0,
      "2-17": 0.003786547891282562,
      "2-18": 0.2313354900301525,
      "2-19": 0.018651676099863818,
      "3-4": 0.0,
      "3-5": 0.0,
      "3-6": 0.14855611223113596,
      "3-7": 0.051149971304128614,
      "3-8": 0.032493882099216574,
      "3-10": 0.014115201526915226,
      "3-11": 0.0038293727618779953,
      "3-13": 0.006826185613906111,
      "3-14": 0.0,
      "3-15": 0.0,
      "3-16": 0.012647705747843007,
      "3-17": 0.0,
      "3-18": 0.0,
      "3-19": 0.020611521787692558,
      "4-5": 0.0,
      "4-6": 0.0,
      "4-8": 0.0,
      "4-9": 0.0,
      "4-10": 0.0,
      "4-11": 0.0,
      "4-12": 0.032234332554287294,
      "4-14": 0.0009729567484143987,
      "4-15": 0.02315110990465187,
      "4-16": 0.0,
      "4-17": 0.20005562122097614,
      "4-18": 0.0067582920948244946,
      "5-6": 0.0,
      "5-7": 0.0035534767888107496,
      "5-8": 0.0,
      "5-9": 0.0,
      "5-10": 0.0,
      "5-11": 0.0,
      "5-13": 0.0,
      "5-14": 0.0042391503605904305,
      "5-15": 0.0,
      "5-16": 0.0,
      "5-17": 0.0,
      "5-18": 0.17071777602631885,
      "5-19": 0.0,
      "6-7": 0.07824755829545182,
      "6-8": 0.006084690105494838,
      "6-10": 0.004491825068758103,
      "6-11": 0.0027270751856516644,
      "6-13": 0.0013475679320120249,
      "6-14": 0.0,
      "6-15": 0.0,
      "6-16": 0.0036423333351434262,
      "6-17": 0.0,
      "6-18": 0.0,
      "6-19": 0.05841352216835684,
      "7-8": 0.0,
      "7-13": 0.0,
      "7-14": 0.0012540893768257086,
      "7-15": 0.0,
      "7-16": 0.07141825388390688,
      "7-18": 0.0035329134945082173,
      "7-19": 0.09468831037244697,
      "8-9": 0.0,
      "8-10": 0.0018002901584662425,
      "8-11": 0.0,
      "8-12": 0.0,
      "8-13": 0.07123876684778288,
      "8-14": 0.0,
      "8-15": 0.0,
      "8-16": 0.0,
      "8-17": 0.0,
      "8-18": 0.0,
      "8-19": 0.0,
      "9-10": 0.061826958603521005,
      "9-11": 0.0061813054154279444,
      "9-12": 0.02448241568270712,
      "9-14": 0.0,
      "9-15": 0.0,
      "9-17": 0.011577258841909428,
      "9-18": 0.0,
      "10-11": 0.10563928020723856,
      "10-12": 0.0,
      "10-14": 0.0002998839482841864,
      "10-15": 0.0,
      "10-17": 0.0020959877700905006,
      "10-18": 0.0,
      "11-12": 0.0,
      "11-14": 0.0,
      "11-15": 0.0,
      "11-17": 0.0005662340773560556,
      "11-18": 0.0035653298896643117,
      "12-14": 0.0,
      "12-15": 0.021947005754210564,
      "12-17": 0.003103580204590039,
      "13-14": 0.0,
      "13-15": 0.0,
      "13-16": 0.0,
      "13-18": 0.0,
      "13-19": 0.07990861983959023,
      "14-15": 0.002754314427714857,
      "14-16": 0.03536257428497662,
      "14-17": 0.007348135238263664,
      "14-18": 0.07345364499258089,
      "14-19": 0.0,
      "15-16": 0.005385154196686488,
      "15-17": 0.019113410968335708,
      "15-18": 0.0,
      "15-19": 0.0,
      "16-17": 0.0005883411195707137,
      "16-18": 0.0,
      "16-19": 0.12013522757403886,
      "17-18": 0.0,
      "18-19": 0.01673254562037786,
      "11-16": 0.0,
      "sat17->gs_urumqi": 0.05818750982936016,
      "10-16": 0.0,
      "7-11": 0.0,
      "7-10": 0.0,
      "sat4->gs_urumqi": 0.05814291410076238,
      "11-19": 0.0,
      "sat2->gs_beijing": 0.05788996165992877,
      "7-17": 0.0,
      "10-19": 0.0,
      "4-7": 0.0,
      "12-16": 0.0,
      "17-19": 0.0,
      "4-19": 0.0,
      "sat14->gs_beijing": 0.05811963874824811,
      "sat15->gs_beijing": 0.05789078999872088,
      "7-12": 0.0,
      "12-19": 0.0,
      "sat12->gs_beijing": 0.058347017212529946,
      "6-9": 0.0,
      "3-9": 0.0
    }
  },
  "failures": {}
}