{
  "overall": {
    "completed_tiles": 85,
    "total_tiles": 1296,
    "completed_tasks": 0,
    "total_tasks": 81
  },
  "latency": {
    "tile_mean": 9.905882352941177,
    "tile_p95": 19,
    "tile_p99": 27,
    "task_mean": 0.0,
    "task_p95": NaN,
    "task_p99": NaN
  },
  "resource": {
    "avg_queue_len": {
      "0": 3.95,
      "1": 3.035,
      "2": 3.13,
      "3": 3.345,
      "4": 4.13
    },
    "compute_busy_time": {
      "4": 57.0,
      "1": 42.0,
      "2": 51.0,
      "0": 51.0,
      "3": 54.0
    },
    "mem_peak_gb": {
      "0": 2.4893442597329076,
      "1": 2.3692897633770165,
      "2": 2.4322758331920684,
      "3": 1.8787814259560758,
      "4": 2.4006088034665476
    },
    "vram_peak_gb": {
      "0": 0.8662282953008766,
      "1": 0.8668898950815073,
      "2": 0.8662766509255254,
      "3": 0.8674589175368863,
      "4": 0.8671237911554218
    }
  },
  "network": {
    "link_utilization": {
      "0-2": 0.9531199065020514,
      "0-3": 0.903868655061143,
      "1-2": 0.4984407421067505,
      "1-3": 1.038457324229367,
      "2-3": 0.32919158047901514,
      "2-4": 1.12668269942308,
      "0-1": 1.4008327769009348,
      "0-4": 1.2029020462776596,
      "1-4": 0.6065683159814359,
      "3-4": 1.3342655087691708
    }
  },
  "failures": {
    "link_down": 1195
  }
}