{
  "overall": {
    "completed_tiles": 2912,
    "total_tiles": 9280,
    "completed_tasks": 57,
    "total_tasks": 290
  },
  "latency": {
    "tile_mean": 701.2898351648352,
    "tile_p95": 2819,
    "tile_p99": 3152,
    "task_mean": 901.0526315789474,
    "task_p95": 3133,
    "task_p99": 3172
  },
  "resource": {
    "avg_queue_len": {
      "0": 3.7005555555555554,
      "1": 5.163055555555555,
      "2": 4.776944444444444,
      "3": 4.1433333333333335,
      "4": 4.995555555555556,
      "5": 7.530833333333334,
      "6": 5.700555555555556,
      "7": 7.2652777777777775,
      "8": 2.3444444444444446,
      "9": 8.188888888888888,
      "10": 5.398333333333333,
      "11": 4.159166666666667,
      "12": 18.203055555555554,
      "13": 9.609166666666667,
      "14": 10.411944444444444,
      "15": 15.975833333333334,
      "16": 14.231944444444444,
      "17": 5.532222222222222,
      "18": 8.317222222222222,
      "19": 5.724722222222222
    },
    "compute_busy_time": {
      "10": 3730.0,
      "2": 3390.0,
      "4": 3410.0,
      "5": 4260.0,
      "1": 3310.0,
      "12": 4570.0,
      "11": 3140.0,
      "18": 5890.0,
      "17": 3430.0,
      "6": 4130.0,
      "7": 4205.0,
      "3": 3100.0,
      "15": 5370.0,
      "16": 4760.0,
      "14": 4690.0,
      "13": 3650.0,
      "19": 4290.0,
      "9": 4020.0,
      "8": 1580.0,
      "0": 2430.0
    },
    "mem_peak_gb": {
      "0": 4.6994288826428505,
      "1": 6.920787317806942,
      "2": 4.6297772933022365,
      "3": 6.476572456392582,
      "4": 7.120756653801611,
      "5": 6.624906037068946,
      "6": 6.44571855996339,
      "7": 7.617973416014211,
      "8": 5.318276181737269,
      "9": 7.845586546052756,
      "10": 1.7108842781106233,
      "11": 5.948563736770255,
      "12": 4.251207274811583,
      "13": 7.9050335464179495,
      "14": 8.450875397779363,
      "15": 8.481907664866307,
      "16": 8.450875397779363,
      "17": 5.129894588529948,
      "18": 5.1610316196744845,
      "19": 5.246509974099801
    },
    "vram_peak_gb": {
      "0": 0.6405917558571741,
      "1": 0.6402231590695525,
      "2": 0.6410728646990367,
      "3": 0.6406489197191296,
      "4": 0.6408908388390491,
      "5": 0.640412994987453,
      "6": 0.6404783463676053,
      "7": 0.6411900909374219,
      "8": 0.641290119687565,
      "9": 0.6406695329196255,
      "10": 0.6408672402797562,
      "11": 0.64053011495611,
      "12": 0.6408632582413961,
      "13": 0.6404255802498082,
      "14": 0.6411818788717638,
      "15": 0.640419980786156,
      "16": 0.6408177704860807,
      "17": 0.6403917419264088,
      "18": 0.6403949082132593,
      "19": 0.6403634423911713
    }
  },
  "failures": {}
}