{
  "overall": {
    "completed_tiles": 2144,
    "total_tiles": 9280,
    "completed_tasks": 67,
    "total_tasks": 290
  },
  "latency": {
    "tile_mean": 1133.4179104477612,
    "tile_p95": 2846,
    "tile_p99": 3182,
    "task_mean": 1133.4179104477612,
    "task_p95": 2846,
    "task_p99": 3182
  },
  "resource": {
    "avg_queue_len": {
      "0": 0.0,
      "1": 0.0,
      "2": 0.0,
      "3": 0.0,
      "4": 0.0,
      "5": 0.0,
      "6": 0.0,
      "7": 0.0,
      "8": 0.0,
      "9": 0.0,
      "10": 0.0,
      "11": 0.0,
      "12": 0.0,
      "13": 0.0,
      "14": 0.0,
      "15": 0.0,
      "16": 0.0,
      "17": 0.0,
      "18": 0.0,
      "19": 0.0
    },
    "compute_busy_time": {},
    "mem_peak_gb": {
      "0": 11.0,
      "1": 14.0,
      "2": 16.0,
      "3": 10.0,
      "4": 14.0,
      "5": 12.0,
      "6": 11.0,
      "7": 15.0,
      "8": 9.0,
      "9": 11.0,
      "10": 6.0,
      "11": 18.0,
      "12": 14.0,
      "13": 11.0,
      "14": 13.0,
      "15": 20.0,
      "16": 10.0,
      "17": 16.0,
      "18": 18.0,
      "19": 14.0
    },
    "vram_peak_gb": {
      "0": 0.0,
      "1": 0.0,
      "2": 0.0,
      "3": 0.0,
      "4": 0.0,
      "5": 0.0,
      "6": 0.0,
      "7": 0.0,
      "8": 0.0,
      "9": 0.0,
      "10": 0.0,
      "11": 0.0,
      "12": 0.0,
      "13": 0.0,
      "14": 0.0,
      "15": 0.0,
      "16": 0.0,
      "17": 0.0,
      "18": 0.0,
      "19": 0.0
    }
  },
  "failures": {}
}