{
  "overall": {
    "completed_tiles": 1998,
    "total_tiles": 9280,
    "completed_tasks": 12,
    "total_tasks": 290
  },
  "latency": {
    "tile_mean": 1080.8013013013012,
    "tile_p95": 2848,
    "tile_p99": 3120,
    "task_mean": 1752.9166666666667,
    "task_p95": 2983,
    "task_p99": 2983
  },
  "resource": {
    "avg_queue_len": {
      "0": 0.2313888888888889,
      "1": 0.37222222222222223,
      "2": 0.2966666666666667,
      "3": 0.6711111111111111,
      "4": 0.19694444444444445,
      "5": 0.5755555555555556,
      "6": 0.5127777777777778,
      "7": 0.9944444444444445,
      "8": 1.0672222222222223,
      "9": 0.6686111111111112,
      "10": 1.5641666666666667,
      "11": 2.0191666666666666,
      "12": 1.2025,
      "13": 1.3722222222222222,
      "14": 1.0616666666666668,
      "15": 0.9002777777777777,
      "16": 1.0302777777777778,
      "17": 0.7922222222222223,
      "18": 1.0980555555555556,
      "19": 0.8438888888888889,
      "20": 0.4738888888888889,
      "21": 0.8544444444444445,
      "22": 0.8827777777777778,
      "23": 1.0216666666666667,
      "24": 0.9772222222222222,
      "25": 0.7619444444444444,
      "26": 0.2536111111111111,
      "27": 0.5766666666666667,
      "28": 0.4,
      "29": 0.7858333333333334,
      "30": 0.38472222222222224,
      "31": 0.43083333333333335,
      "32": 0.6047222222222223,
      "33": 0.5891666666666666,
      "34": 0.7511111111111111,
      "35": 0.15888888888888889,
      "36": 0.6580555555555555,
      "37": 0.8427777777777777,
      "38": 0.9325,
      "39": 0.41194444444444445,
      "40": 0.7641666666666667,
      "41": 0.5297222222222222,
      "42": 0.5366666666666666,
      "43": 0.3,
      "44": 0.45416666666666666,
      "45": 0.4802777777777778,
      "46": 1.1308333333333334,
      "47": 0.4613888888888889,
      "48": 0.7338888888888889,
      "49": 1.3827777777777779,
      "50": 0.5283333333333333,
      "51": 0.30944444444444447,
      "52": 0.6247222222222222,
      "53": 0.6836111111111111,
      "54": 0.7747222222222222,
      "55": 0.6830555555555555,
      "56": 1.8233333333333333,
      "57": 0.7027777777777777,
      "58": 0.8886111111111111,
      "59": 0.39916666666666667,
      "60": 1.8105555555555555,
      "61": 1.521388888888889,
      "62": 1.0652777777777778,
      "63": 0.9402777777777778,
      "64": 0.6002777777777778,
      "65": 0.4502777777777778
    },
    "compute_busy_time": {
      "44": 1100.0,
      "41": 985.0,
      "16": 1870.0,
      "53": 1180.0,
      "18": 2250.0,
      "51": 840.0,
      "23": 1790.0,
      "32": 1180.0,
      "54": 1810.0,
      "19": 1410.0,
      "25": 1760.0,
      "62": 1900.0,
      "6": 890.0,
      "43": 450.0,
      "29": 1250.0,
      "49": 2220.0,
      "14": 1710.0,
      "15": 2010.0,
      "12": 2695.0,
      "9": 1240.0,
      "13": 2940.0,
      "26": 660.0,
      "8": 1420.0,
      "60": 2150.0,
      "47": 950.0,
      "28": 720.0,
      "46": 1880.0,
      "63": 1730.0,
      "21": 1870.0,
      "59": 800.0,
      "65": 1150.0,
      "20": 1190.0,
      "64": 1140.0,
      "27": 1400.0,
      "57": 1130.0,
      "55": 1100.0,
      "2": 680.0,
      "7": 1600.0,
      "58": 1560.0,
      "36": 1580.0,
      "52": 1120.0,
      "38": 1660.0,
      "42": 1360.0,
      "4": 590.0,
      "10": 2020.0,
      "34": 1370.0,
      "48": 1470.0,
      "11": 2480.0,
      "31": 765.0,
      "39": 1020.0,
      "30": 860.0,
      "33": 1080.0,
      "0": 460.0,
      "17": 1580.0,
      "61": 1870.0,
      "24": 2060.0,
      "45": 900.0,
      "50": 710.0,
      "56": 1610.0,
      "40": 1200.0,
      "5": 1430.0,
      "37": 1340.0,
      "3": 1565.0,
      "1": 790.0,
      "22": 1890.0,
      "35": 230.0
    },
    "mem_peak_gb": {
      "0": 4.7502914966055565,
      "1": 5.617666485002472,
      "2": 4.854386283211456,
      "3": 7.724547556201084,
      "4": 5.494170529765321,
      "5": 7.724547556201084,
      "6": 12.01749887684137,
      "7": 13.036217590959922,
      "8": 13.630558900554444,
      "9": 9.912497794848253,
      "10": 19.69049985967016,
      "11": 19.564812084469533,
      "12": 10.625788569165483,
      "13": 8.168293781680607,
      "14": 11.025396217851624,
      "15": 8.533549389527709,
      "16": 6.9541834411122005,
      "17": 9.496022730065414,
      "18": 10.775409947226343,
      "19": 7.733527157381965,
      "20": 6.592987529001494,
      "21": 7.887585532672938,
      "22": 11.665730573944801,
      "23": 11.85903646193129,
      "24": 11.415104674457263,
      "25": 10.120621173375678,
      "26": 6.373211316502536,
      "27": 7.13693305118395,
      "28": 12.165888524001456,
      "29": 14.149305834763432,
      "30": 6.35648723700343,
      "31": 8.7266081266686,
      "32": 11.540523457808499,
      "33": 9.555418401014128,
      "34": 12.932610785598753,
      "35": 6.354353978099668,
      "36": 6.498955076409421,
      "37": 9.229737870472846,
      "38": 12.055706107941882,
      "39": 6.2331870395414875,
      "40": 11.528951931965716,
      "41": 6.984983011498948,
      "42": 7.136933051183954,
      "43": 5.888848021094598,
      "44": 6.385714132580879,
      "45": 10.434058396742914,
      "46": 14.272971500980402,
      "47": 10.363610788683893,
      "48": 9.806237479762624,
      "49": 14.021666127653143,
      "50": 11.859036461931298,
      "51": 7.620515154681446,
      "52": 13.7717669342399,
      "53": 7.759278644346384,
      "54": 6.9032350240828775,
      "55": 11.651142658103259,
      "56": 18.185708126649175,
      "57": 9.615871509184322,
      "58": 9.023628095173757,
      "59": 6.76361913610083,
      "60": 14.908190214539214,
      "61": 14.77805613728236,
      "62": 9.107784068903289,
      "63": 9.753827577382852,
      "64": 11.375498777024394,
      "65": 8.259824629943747
    },
    "vram_peak_gb": {
      "0": 0.7625982441039252,
      "1": 0.7599692870879734,
      "2": 0.7583211135720677,
      "3": 0.76212045982444,
      "4": 0.7615669677056354,
      "5": 0.7617023209992329,
      "6": 0.7608926362782101,
      "7": 0.7628354725503899,
      "8": 0.7627675293944554,
      "9": 0.7607879150175855,
      "10": 0.7635633553561965,
      "11": 0.7613592293579488,
      "12": 0.7615796328530372,
      "13": 0.76516047875026,
      "14": 0.7634101959362367,
      "15": 0.7647603637496875,
      "16": 0.7606469722528004,
      "17": 0.7613576354864307,
      "18": 0.7605333446255895,
      "19": 0.760542188297855,
      "20": 0.7647275154870552,
      "21": 0.7625956788765188,
      "22": 0.7614637676105647,
      "23": 0.7594123989285905,
      "24": 0.7602337209235873,
      "25": 0.7603221699317055,
      "26": 0.7614424563976558,
      "27": 0.76168749499826,
      "28": 0.7600388517615757,
      "29": 0.7606028439368295,
      "30": 0.7600985772862153,
      "31": 0.7596094127692331,
      "32": 0.760218225654644,
      "33": 0.7591655944133455,
      "34": 0.7619772021113106,
      "35": 0.763468961119025,
      "36": 0.7608161441956522,
      "37": 0.760090427615187,
      "38": 0.7616531726580155,
      "39": 0.7622574535366173,
      "40": 0.7612073633373075,
      "41": 0.7606910314511179,
      "42": 0.7632776843107468,
      "43": 0.7616283441552185,
      "44": 0.7606346431815826,
      "45": 0.7587334619811531,
      "46": 0.7609145096041654,
      "47": 0.7600354611487211,
      "48": 0.7609501665312915,
      "49": 0.7615814925968096,
      "50": 0.7605761627547108,
      "51": 0.761453769564685,
      "52": 0.7606806387150076,
      "53": 0.7611348207373214,
      "54": 0.7607167962428749,
      "55": 0.7600518432254957,
      "56": 0.7622697253581839,
      "57": 0.7626781316785021,
      "58": 0.7615244741213061,
      "59": 0.7619133854704212,
      "60": 0.761153001134657,
      "61": 0.7623670234286963,
      "62": 0.7618736964378456,
      "63": 0.7605993186824452,
      "64": 0.7642914587961469,
      "65": 0.7622766601719895
    }
  },
  "failures": {}
}