{
  "overall": {
    "completed_tiles": 2185,
    "total_tiles": 9280,
    "completed_tasks": 1,
    "total_tasks": 290
  },
  "latency": {
    "tile_mean": 925.4059496567505,
    "tile_p95": 2864,
    "tile_p99": 3151,
    "task_mean": 411.0,
    "task_p95": 411,
    "task_p99": 411
  },
  "resource": {
    "avg_queue_len": {
      "0": 0.14972222222222223,
      "1": 0.09166666666666666,
      "2": 0.16416666666666666,
      "3": 0.22722222222222221,
      "4": 0.08444444444444445,
      "5": 0.13083333333333333,
      "6": 0.1875,
      "7": 0.35305555555555557,
      "8": 0.1975,
      "9": 0.1786111111111111,
      "10": 0.24694444444444444,
      "11": 0.1875,
      "12": 0.19305555555555556,
      "13": 0.24333333333333335,
      "14": 0.16361111111111112,
      "15": 0.21916666666666668,
      "16": 0.21027777777777779,
      "17": 0.18944444444444444,
      "18": 0.21,
      "19": 0.2916666666666667,
      "20": 0.10861111111111112,
      "21": 0.19972222222222222,
      "22": 0.1413888888888889,
      "23": 0.15555555555555556,
      "24": 0.19305555555555556,
      "25": 0.15138888888888888,
      "26": 0.18722222222222223,
      "27": 0.16194444444444445,
      "28": 0.16472222222222221,
      "29": 0.1938888888888889,
      "30": 0.15166666666666667,
      "31": 0.15472222222222223,
      "32": 0.10583333333333333,
      "33": 0.15833333333333333,
      "34": 0.08555555555555555,
      "35": 0.13666666666666666,
      "36": 0.16166666666666665,
      "37": 0.09361111111111112,
      "38": 0.10777777777777778,
      "39": 0.1688888888888889,
      "40": 0.12027777777777778,
      "41": 0.14083333333333334,
      "42": 0.12472222222222222,
      "43": 0.1827777777777778,
      "44": 0.23416666666666666,
      "45": 0.1688888888888889,
      "46": 0.24333333333333335,
      "47": 0.08444444444444445,
      "48": 0.11305555555555556,
      "49": 0.09861111111111111,
      "50": 0.23555555555555555,
      "51": 0.17416666666666666,
      "52": 0.0913888888888889,
      "53": 0.28,
      "54": 0.11277777777777778,
      "55": 0.1825,
      "56": 0.14583333333333334,
      "57": 0.21972222222222224,
      "58": 0.16111111111111112,
      "59": 0.18305555555555555,
      "60": 0.18666666666666668,
      "61": 0.2972222222222222,
      "62": 0.13777777777777778,
      "63": 0.20083333333333334,
      "64": 0.1725,
      "65": 0.1297222222222222
    },
    "compute_busy_time": {
      "41": 1040.0,
      "44": 1220.0,
      "16": 1550.0,
      "43": 1150.0,
      "18": 1630.0,
      "19": 1260.0,
      "52": 1430.0,
      "21": 1370.0,
      "53": 1570.0,
      "14": 1780.0,
      "50": 1590.0,
      "6": 1970.0,
      "23": 1490.0,
      "32": 1230.0,
      "46": 1410.0,
      "54": 1360.0,
      "37": 1420.0,
      "17": 1330.0,
      "25": 1500.0,
      "48": 1440.0,
      "33": 1370.0,
      "10": 1610.0,
      "15": 1550.0,
      "51": 1130.0,
      "3": 1040.0,
      "49": 1350.0,
      "11": 1360.0,
      "9": 1500.0,
      "26": 1520.0,
      "42": 1300.0,
      "40": 1150.0,
      "61": 1610.0,
      "62": 1280.0,
      "45": 1160.0,
      "57": 1720.0,
      "29": 1650.0,
      "55": 1680.0,
      "60": 1430.0,
      "5": 1140.0,
      "59": 1400.0,
      "22": 1490.0,
      "39": 1280.0,
      "64": 1470.0,
      "65": 1270.0,
      "12": 1730.0,
      "7": 1810.0,
      "13": 1680.0,
      "47": 790.0,
      "58": 1290.0,
      "8": 1060.0,
      "2": 1480.0,
      "63": 1130.0,
      "1": 1140.0,
      "28": 1130.0,
      "27": 1320.0,
      "20": 1080.0,
      "30": 1360.0,
      "38": 910.0,
      "36": 1140.0,
      "4": 910.0,
      "34": 1170.0,
      "0": 890.0,
      "31": 1130.0,
      "56": 1530.0,
      "24": 1460.0,
      "35": 930.0
    },
    "mem_peak_gb": {
      "0": 4.137394653271676,
      "1": 4.260117218939819,
      "2": 4.893431246170009,
      "3": 6.339245305281465,
      "4": 3.972496316542298,
      "5": 4.130193767319363,
      "6": 3.9999257804365524,
      "7": 5.628126193157088,
      "8": 5.988246583931842,
      "9": 4.125648699857637,
      "10": 4.866349400356758,
      "11": 4.386731355685343,
      "12": 4.633658534229023,
      "13": 4.488805796907254,
      "14": 4.24827154613939,
      "15": 6.878353687231549,
      "16": 5.3740675154137145,
      "17": 4.391736044623985,
      "18": 4.99229339854783,
      "19": 4.1015023924940825,
      "20": 4.383295753889883,
      "21": 5.116468145592242,
      "22": 5.0137156353763,
      "23": 4.757006907442466,
      "24": 4.861461297456316,
      "25": 4.504165923157082,
      "26": 5.51022146696745,
      "27": 4.2571989767742995,
      "28": 4.637769140762058,
      "29": 5.98450953720712,
      "30": 4.6098603789764985,
      "31": 4.886968180788753,
      "32": 4.259915886705366,
      "33": 5.488267764775386,
      "34": 3.9863428224511854,
      "35": 4.011852368167727,
      "36": 4.122723049956951,
      "37": 4.485851298945515,
      "38": 4.379224607655368,
      "39": 4.259881566526711,
      "40": 4.013569219053669,
      "41": 4.121501003365334,
      "42": 4.37901179746046,
      "43": 4.410209588290465,
      "44": 4.7527732324812915,
      "45": 4.979759811711231,
      "46": 4.481348575723688,
      "47": 4.8784741803974105,
      "48": 4.7562994661997875,
      "49": 4.148534399511395,
      "50": 11.36830946425883,
      "51": 5.370505872800449,
      "52": 2.26104901078489,
      "53": 4.3813456676149025,
      "54": 3.9993749874396305,
      "55": 4.120690249238118,
      "56": 4.755498289239249,
      "57": 4.748660775712077,
      "58": 4.35337148238139,
      "59": 5.636813574054598,
      "60": 4.510998267006712,
      "61": 4.617546691604181,
      "62": 4.126277511012817,
      "63": 4.387919863329885,
      "64": 4.490999497354407,
      "65": 4.885195511391226
    },
    "vram_peak_gb": {
      "0": 0.7597678782307157,
      "1": 0.7593009661850765,
      "2": 0.7612999870052543,
      "3": 0.7616878460754213,
      "4": 0.7615786163776894,
      "5": 0.7606507694370618,
      "6": 0.7608574017657372,
      "7": 0.7616210525949602,
      "8": 0.7627675293944554,
      "9": 0.7622766601719895,
      "10": 0.760977860604851,
      "11": 0.7635633553561965,
      "12": 0.7619464258966225,
      "13": 0.76516047875026,
      "14": 0.7615244741213061,
      "15": 0.7628354725503899,
      "16": 0.7632710819443226,
      "17": 0.760542188297855,
      "18": 0.7609670542004706,
      "19": 0.7607916666528243,
      "20": 0.76168749499826,
      "21": 0.7605333446255895,
      "22": 0.7634101959362367,
      "23": 0.759385588210032,
      "24": 0.7616799231446241,
      "25": 0.76212045982444,
      "26": 0.7623670234286963,
      "27": 0.7616281231735734,
      "28": 0.7647603637496875,
      "29": 0.7617339333321748,
      "30": 0.7613792435182627,
      "31": 0.7626781316785021,
      "32": 0.7613082293560837,
      "33": 0.7607165146776148,
      "34": 0.7615796328530372,
      "35": 0.7622574535366173,
      "36": 0.7647275154870552,
      "37": 0.7602207493715489,
      "38": 0.7608290230026369,
      "39": 0.7622903766027763,
      "40": 0.7612073633373075,
      "41": 0.7614637676105647,
      "42": 0.7609335138362516,
      "43": 0.7642914587961469,
      "44": 0.761453769564685,
      "45": 0.7605465535167002,
      "46": 0.7609145096041654,
      "47": 0.763468961119025,
      "48": 0.7609501665312915,
      "49": 0.7605238250286258,
      "50": 0.7605761627547108,
      "51": 0.7625956788765188,
      "52": 0.7616283441552185,
      "53": 0.7632776843107468,
      "54": 0.7615814925968096,
      "55": 0.7611348207373214,
      "56": 0.7619133854704212,
      "57": 0.7600518432254957,
      "58": 0.7619050993539657,
      "59": 0.7606328747235944,
      "60": 0.761911315567133,
      "61": 0.7622697253581839,
      "62": 0.7604891964371818,
      "63": 0.7600354611487211,
      "64": 0.7616531726580155,
      "65": 0.7615669677056354
    }
  },
  "failures": {}
}