{
  "overall": {
    "completed_tiles": 32,
    "total_tiles": 896,
    "completed_tasks": 1,
    "total_tasks": 28
  },
  "latency": {
    "tile_mean": 16.5,
    "tile_p95": 31,
    "tile_p99": 32,
    "task_mean": 32.0,
    "task_p95": 32,
    "task_p99": 32
  },
  "resource": {
    "avg_queue_len": {
      "0": 0.0,
      "1": 0.0,
      "2": 0.1962962962962963,
      "3": 0.03888888888888889,
      "4": 0.225,
      "5": 0.08888888888888889,
      "6": 0.08703703703703704,
      "7": 0.1259259259259259,
      "8": 0.23287037037037037,
      "9": 0.07314814814814814,
      "10": 0.0,
      "11": 0.05648148148148148,
      "12": 0.014814814814814815,
      "13": 0.0,
      "14": 0.19953703703703704,
      "15": 0.028703703703703703,
      "16": 0.11851851851851852,
      "17": 0.11435185185185186,
      "18": 0.06944444444444445,
      "19": 0.1375,
      "20": 0.0,
      "21": 0.001851851851851852,
      "22": 0.001851851851851852,
      "23": 0.0,
      "24": 0.0,
      "25": 0.14722222222222223,
      "26": 0.22083333333333333,
      "27": 0.017592592592592594,
      "28": 0.10833333333333334,
      "29": 0.0,
      "30": 0.014814814814814815,
      "31": 0.0,
      "32": 0.0,
      "33": 0.0,
      "34": 0.11851851851851852,
      "35": 0.019444444444444445,
      "36": 0.0,
      "37": 0.13240740740740742,
      "38": 0.0,
      "39": 0.09861111111111111,
      "40": 0.0,
      "41": 0.1259259259259259,
      "42": 0.0,
      "43": 0.11851851851851852,
      "44": 0.1425925925925926,
      "45": 0.0,
      "46": 0.08703703703703704,
      "47": 0.18194444444444444,
      "48": 0.0,
      "49": 0.11990740740740741,
      "50": 0.014814814814814815,
      "51": 0.11018518518518519,
      "52": 0.10416666666666667,
      "53": 0.19583333333333333,
      "54": 0.11296296296296296,
      "55": 0.041666666666666664,
      "56": 0.11851851851851852,
      "57": 0.1111111111111111,
      "58": 0.08703703703703704,
      "59": 0.011574074074074073,
      "60": 0.016666666666666666,
      "61": 0.0,
      "62": 0.008333333333333333,
      "63": 0.05740740740740741,
      "64": 0.1259259259259259,
      "65": 0.0,
      "66": 0.0712962962962963,
      "67": 0.0,
      "68": 0.12314814814814815,
      "69": 0.13148148148148148,
      "70": 0.1259259259259259,
      "71": 0.08333333333333333,
      "72": 0.014814814814814815,
      "73": 0.10833333333333334,
      "74": 0.05277777777777778,
      "75": 0.04027777777777778,
      "76": 0.11435185185185186,
      "77": 0.002777777777777778,
      "78": 0.04027777777777778,
      "79": 0.17037037037037037,
      "80": 0.29768518518518516,
      "81": 0.0,
      "82": 0.1638888888888889,
      "83": 0.014814814814814815,
      "84": 0.0,
      "85": 0.0,
      "86": 0.11481481481481481,
      "87": 0.0,
      "88": 0.0,
      "89": 0.0,
      "90": 0.0,
      "91": 0.000462962962962963,
      "92": 0.0,
      "93": 0.011111111111111112,
      "94": 0.08888888888888889,
      "95": 0.0,
      "96": 0.0,
      "97": 0.1412037037037037,
      "98": 0.014351851851851852,
      "99": 0.02824074074074074
    },
    "compute_busy_time": {},
    "mem_peak_gb": {
      "0": 0.0,
      "1": 0.0,
      "2": 0.6597996641905258,
      "3": 0.511390720352597,
      "4": 0.678202912444073,
      "5": 0.6570060162226238,
      "6": 0.680721650774042,
      "7": 0.6829609171371308,
      "8": 0.6878210525115772,
      "9": 0.6820863989668052,
      "10": 0.0,
      "11": 0.6843071064199803,
      "12": 0.680526397991616,
      "13": 0.0,
      "14": 0.6670804011429917,
      "15": 0.6849296632589266,
      "16": 0.6607423397525356,
      "17": 0.6625743858809054,
      "18": 0.6351765424333934,
      "19": 0.6843284103139854,
      "20": 0.0,
      "21": 0.08564298588368019,
      "22": 0.06526545290744273,
      "23": 0.0,
      "24": 0.0,
      "25": 0.6613376069788065,
      "26": 0.6619095034598623,
      "27": 0.6870610617963894,
      "28": 0.6845795931499984,
      "29": 0.0,
      "30": 0.6779114190240783,
      "31": 0.0,
      "32": 0.0,
      "33": 0.0,
      "34": 0.6632917442793849,
      "35": 0.25450414581986297,
      "36": 0.0,
      "37": 0.5575324168665942,
      "38": 0.0,
      "39": 0.6196527564081472,
      "40": 0.0,
      "41": 0.6786824634848143,
      "42": 0.0,
      "43": 0.6594742986576312,
      "44": 0.6636757888904551,
      "45": 0.0,
      "46": 0.6810682379818356,
      "47": 0.615313377773065,
      "48": 0.0,
      "49": 0.5327384507806168,
      "50": 0.6830046597322897,
      "51": 0.5549187755515672,
      "52": 0.5343385025163525,
      "53": 0.6834568017690758,
      "54": 0.6851940000682754,
      "55": 0.6821526452017956,
      "56": 0.6600045740956277,
      "57": 0.6408154673847273,
      "58": 0.5986595558417281,
      "59": 0.1903335076637473,
      "60": 0.23560000004105838,
      "61": 0.0,
      "62": 0.10698913519716811,
      "63": 0.5347776045949166,
      "64": 0.6825570732456278,
      "65": 0.0,
      "66": 0.5556202500086331,
      "67": 0.0,
      "68": 0.6841309205183196,
      "69": 0.6618415945051291,
      "70": 0.6832118451698601,
      "71": 0.5352138195094018,
      "72": 0.6841345018263446,
      "73": 0.6409262969450454,
      "74": 0.6830699541507107,
      "75": 0.6620173596778602,
      "76": 0.6599992628322386,
      "77": 0.08595606578407938,
      "78": 0.6616214991671446,
      "79": 0.6616181717208475,
      "80": 0.6836584122480985,
      "81": 0.0,
      "82": 0.6616823431466815,
      "83": 0.6788934134715842,
      "84": 0.0,
      "85": 0.0,
      "86": 0.6638620139236421,
      "87": 0.0,
      "88": 0.0,
      "89": 0.0,
      "90": 0.0,
      "91": 0.021716163564383276,
      "92": 0.0,
      "93": 0.386707984484731,
      "94": 0.6624308191900177,
      "95": 0.0,
      "96": 0.0,
      "97": 0.6617272154969625,
      "98": 0.6614059207296069,
      "99": 0.6580489902293666
    },
    "vram_peak_gb": {
      "0": 0.0,
      "1": 0.0,
      "2": 0.8223915704570213,
      "3": 0.8223373325675192,
      "4": 0.8227531241713926,
      "5": 0.8220531055590952,
      "6": 0.8225086510651513,
      "7": 0.8229026898065098,
      "8": 0.8225213124823587,
      "9": 0.822405459215087,
      "10": 0.0,
      "11": 0.8216181025111012,
      "12": 0.0,
      "13": 0.0,
      "14": 0.8229639702350209,
      "15": 0.8217742227871864,
      "16": 0.822356709522045,
      "17": 0.822576183442388,
      "18": 0.8219449484559647,
      "19": 0.8229627782387307,
      "20": 0.0,
      "21": 0.8218496211705957,
      "22": 0.8222452944962738,
      "23": 0.0,
      "24": 0.0,
      "25": 0.8226907851954018,
      "26": 0.8226935081508311,
      "27": 0.8222852854234196,
      "28": 0.822729109787863,
      "29": 0.0,
      "30": 0.0,
      "31": 0.0,
      "32": 0.0,
      "33": 0.0,
      "34": 0.8227003100126179,
      "35": 0.8224813046338327,
      "36": 0.0,
      "37": 0.8227944248191721,
      "38": 0.0,
      "39": 0.8223661189994926,
      "40": 0.0,
      "41": 0.8226433550548259,
      "42": 0.0,
      "43": 0.8222606482169756,
      "44": 0.8226461267530484,
      "45": 0.0,
      "46": 0.8223815624495385,
      "47": 0.8227098449546513,
      "48": 0.0,
      "49": 0.8230347270733496,
      "50": 0.0,
      "51": 0.8226244904769969,
      "52": 0.8225664274437933,
      "53": 0.8223792908420375,
      "54": 0.8227938416051935,
      "55": 0.8217150343339003,
      "56": 0.8225184465403195,
      "57": 0.822326781144214,
      "58": 0.8223585047201205,
      "59": 0.8219148984870697,
      "60": 0.8224603236230417,
      "61": 0.0,
      "62": 0.8225899252148907,
      "63": 0.8223301606266119,
      "64": 0.8225653850950166,
      "65": 0.0,
      "66": 0.822396532459272,
      "67": 0.0,
      "68": 0.8230366909371434,
      "69": 0.8227638215845458,
      "70": 0.8231127024463534,
      "71": 0.822446055941525,
      "72": 0.0,
      "73": 0.8225364254113092,
      "74": 0.8226490119084879,
      "75": 0.8221360248203565,