{
  "overall": {
    "completed_tiles": 613,
    "total_tiles": 1392,
    "completed_tasks": 1,
    "total_tasks": 87
  },
  "latency": {
    "tile_mean": 24.830342577487766,
    "tile_p95": 168,
    "tile_p99": 387,
    "task_mean": 121.0,
    "task_p95": 121,
    "task_p99": 121
  },
  "resource": {
    "avg_queue_len": {
      "0": 0.06,
      "1": 0.825,
      "2": 0.5775,
      "3": 0.67,
      "4": 0.28,
      "5": 0.3,
      "6": 0.2775,
      "7": 0.44,
      "8": 0.0275,
      "9": 0.4275,
      "10": 0.305,
      "11": 0.275,
      "12": 0.225,
      "13": 0.6925,
      "14": 0.3,
      "15": 0.235,
      "16": 0.29,
      "17": 0.505,
      "18": 0.94,
      "19": 0.22
    },
    "compute_busy_time": {},
    "mem_peak_gb": {
      "0": 0.09319722113535427,
      "1": 0.5600054730285007,
      "2": 0.5013641898280827,
      "3": 0.5027142608215789,
      "4": 0.5000706377559979,
      "5": 0.5019146199252362,
      "6": 0.5026851759235926,
      "7": 0.503359192012416,
      "8": 0.06072346546179393,
      "9": 0.5038565639774243,
      "10": 0.5034557058298428,
      "11": 0.49978356366516874,
      "12": 0.5031267381907049,
      "13": 0.6246177251358414,
      "14": 0.5047529216170001,
      "15": 0.49969639831032375,
      "16": 0.5028423375194826,
      "17": 0.5040383030401707,
      "18": 0.9995301530222305,
      "19": 0.5030284426865723
    },
    "vram_peak_gb": {
      "0": 0.8666831613845201,
      "1": 0.8676152750716624,
      "2": 0.8672472698497689,
      "3": 0.8666110604279578,
      "4": 0.8667856896297144,
      "5": 0.8674589175368863,
      "6": 0.8664051306330839,
      "7": 0.8678249569131563,
      "8": 0.8664713306221036,
      "9": 0.8676209902511569,
      "10": 0.8671237911554218,
      "11": 0.8668698230720154,
      "12": 0.8661769346649729,
      "13": 0.8662080170421815,
      "14": 0.8673987757703852,
      "15": 0.8669191122815358,
      "16": 0.8674630481529721,
      "17": 0.8668732884819021,
      "18": 0.8672115128776096,
      "19": 0.8662766509255254
    }
  },
  "network": {
    "link_utilization": {
      "0-1": 0.0007811719381875815,
      "0-2": 0.0009514111158486332,
      "0-3": 0.006273902600275066,
      "0-4": 0.00178701593434049,
      "0-5": 0.002578931760416165,
      "0-6": 0.0005949669953210488,
      "0-7": 0.00514741259623838,
      "0-8": 0.00038065040597182393,
      "0-9": 0.011810763478830219,
      "0-10": 0.0012586680818479545,
      "0-11": 0.0016506789527947908,
      "0-12": 0.00058770063590649,
      "0-13": 0.006710229088973566,
      "0-14": 0.0007948573903246517,
      "0-15": 0.0011851531760309314,
      "0-16": 0.0009633129756579406,
      "0-17": 0.0019108919558234242,
      "0-18": 0.0011738971025804974,
      "0-19": 0.0,
      "1-2": 0.009102623168960926,
      "1-3": 0.005405476778021499,
      "1-4": 0.004868520383629827,
      "1-5": 0.005494881319817909,
      "1-6": 0.0040430624255260615,
      "1-7": 0.0052636258731541185,
      "1-8": 0.0035260234363791057,
      "1-9": 0.009246491310994356,
      "1-10": 0.003731073275415422,
      "1-11": 0.0014047870225795051,
      "1-12": 0.0052298139023940595,
      "1-13": 0.0054618817122033345,
      "1-14": 0.0009316136444661871,
      "1-15": 0.001995357823769229,
      "1-16": 0.002585311372043979,
      "1-17": 0.003741207492632197,
      "1-18": 0.007820089289949896,
      "1-19": 0.0012540278913986598,
      "2-3": 0.004426537313203779,
      "2-4": 0.003387464560863543,
      "2-5": 0.002158830834445169,
      "2-6": 0.00200347351249145,
      "2-7": 0.0038166171408067157,
      "2-8": 0.0016904994074192748,
      "2-9": 0.0019867329176575838,
      "2-10": 0.0013446118485681423,
      "2-11": 0.0021779543394726793,
      "2-12": 0.005944245560708599,
      "2-13": 0.015218229638807375,
      "2-14": 0.0013464366558544668,
      "2-15": 0.0034722040086718324,
      "2-16": 0.0014688331992781206,
      "2-17": 0.002863266257172025,
      "2-18": 0.002182514589057853,
      "2-19": 0.0010237464355835877,
      "3-4": 0.0035728894131300893,
      "3-5": 0.0020391334768837845,
      "3-6": 0.0010393915076045178,
      "3-7": 0.0037774078556924557,
      "3-8": 0.003586107969018532,
      "3-10": 0.0038843167412792715,
      "3-11": 0.0013953455778034107,
      "3-13": 0.006592503382417161,
      "3-14": 0.0028311904485424704,
      "3-15": 0.001691010969437082,
      "3-16": 0.002406591984908479,
      "3-17": 0.0034649900688018317,
      "3-18": 0.005007236718372654,
      "3-19": 0.003270725135436577,
      "4-5": 0.0010459784300628455,
      "4-6": 0.0029063476028400844,
      "4-8": 0.0014980778795176026,
      "4-9": 0.003718371339869616,
      "4-10": 0.0006845552442513517,
      "4-11": 0.0014317930632690712,
      "4-12": 0.0029272219253818053,
      "4-14": 0.0025163414292278647,
      "4-15": 0.0013659299206770184,
      "4-16": 0.0035542702909742156,
      "4-17": 0.0014071974450385804,
      "4-18": 0.005345393435391721,
      "5-6": 0.0014806475933285546,
      "5-7": 0.0045910195465397674,
      "5-8": 0.0018325390348086289,
      "5-9": 0.0,
      "5-10": 0.0012591713560773086,
      "5-11": 0.0011795509162707205,
      "5-13": 0.0013757521426266605,
      "5-14": 0.0007030002969380608,
      "5-15": 0.0011041983521032164,
      "5-16": 0.005371649755314852,
      "5-17": 0.0035509077564985893,
      "5-18": 0.003560586488888951,
      "5-19": 0.0005079114034582458,
      "6-7": 0.0006412182040432707,
      "6-8": 0.00047241363871430717,
      "6-10": 0.002419385676078221,
      "6-11": 0.0027336783752628557,
      "6-13": 0.0073121073619362535,
      "6-14": 0.002771338294280902,
      "6-15": 0.0010570669748597185,
      "6-16": 0.002554240231709816,
      "6-17": 0.003947364220214247,
      "6-18": 0.0040551576373495934,
      "6-19": 0.0006903212578886896,
      "7-8": 0.002860209070759576,
      "7-13": 0.005062540497310551,
      "7-14": 0.0022406433365638858,
      "7-15": 0.001506854164437766,
      "7-16": 0.0020234847276871535,
      "7-18": 0.004117447561519138,
      "7-19": 0.0018272963026836125,
      "8-9": 0.0,
      "8-10": 0.0017596234664324138,
      "8-11": 0.0011895662752796359,
      "8-12": 0.0022226995705102843,
      "8-13": 0.0042056022131181725,
      "8-14": 0.0004998475785452397,
      "8-15": 0.0008990308677806805,
      "8-16": 0.0,
      "8-17": 0.0030498585040734873,
      "8-18": 0.004928262506208131,
      "8-19": 0.0008175678986463668,
      "9-10": 0.005127868938791681,
      "9-11": 0.0,
      "9-12": 0.007489252670676949,
      "9-14": 0.0,
      "9-15": 0.011913857949475177,
      "9-17": 0.005016735096370259,
      "9-18": 0.0,
      "10-11": 0.0014520125130024538,
      "10-12": 0.0033847596074014093,
      "10-14": 0.0024131554346378723,
      "10-15": 0.0,
      "10-17": 0.0016383885529949395,
      "10-18": 0.0054322067034317635,
      "11-12": 0.0017863184354800594,
      "11-14": 0.0019268105142064517,
      "11-15": 0.002231416010712216,
      "11-17": 0.0013687866779549774,
      "11-18": 0.003972726342632096,
      "12-14": 0.0012675428409590686,
      "12-15": 0.00046180279972538225,
      "12-17": 0.0025080189064104566,
      "13-14": 0.0026498488291437955,
      "13-15": 0.001168791066728805,
      "13-16": 0.004660914724470934,
      "13-18": 0.0032369173087970055,
      "13-19": 0.003752050858945002,
      "14-15": 0.0008987738816835838,
      "14-16": 0.0013104001856704818,
      "14-17": 0.0036246103258281235,
      "14-18": 0.004298977643040887,
      "14-19": 0.0009954662695062775,
      "15-16": 0.0008662140703938149,
      "15-17": 0.002692603337077988,
      "15-18": 0.00319010618517247,
      "15-19": 0.0010350762419891679,
      "16-17": 0.003964282582706957,
      "16-18": 0.0032590403824015227,
      "16-19": 0.0015673409076200654,
      "17-18": 0.0027300670273115225,
      "18-19": 0.005942546241744627,
      "sat10->gs_urumqi": 0.056674297994008936,
      "sat4->gs_urumqi": 0.05667058499354541,