{
  "overall": {
    "completed_tiles": 2688,
    "total_tiles": 9280,
    "completed_tasks": 52,
    "total_tasks": 290
  },
  "latency": {
    "tile_mean": 703.7793898809524,
    "tile_p95": 2752,
    "tile_p99": 3161,
    "task_mean": 782.1730769230769,
    "task_p95": 3133,
    "task_p99": 3172
  },
  "resource": {
    "avg_queue_len": {
      "0": 4.395,
      "1": 2.68,
      "2": 2.703611111111111,
      "3": 1.4541666666666666,
      "4": 2.7058333333333335,
      "5": 2.4522222222222223,
      "6": 2.0813888888888887,
      "7": 3.0166666666666666,
      "8": 1.3722222222222222,
      "9": 4.574722222222222,
      "10": 5.473333333333334,
      "11": 3.504722222222222,
      "12": 17.52111111111111,
      "13": 5.4275,
      "14": 6.838055555555556,
      "15": 9.073611111111111,
      "16": 7.555555555555555,
      "17": 3.1641666666666666,
      "18": 4.574722222222222,
      "19": 3.1455555555555557
    },
    "compute_busy_time": {
      "10": 3890.0,
      "2": 2920.0,
      "5": 3140.0,
      "1": 2890.0,
      "12": 4520.0,
      "11": 3960.0,
      "4": 3070.0,
      "18": 5150.0,
      "17": 3750.0,
      "6": 3170.0,
      "7": 3920.0,
      "3": 2410.0,
      "15": 5040.0,
      "16": 4290.0,
      "14": 4140.0,
      "13": 3410.0,
      "9": 3420.0,
      "19": 3880.0,
      "8": 1940.0,
      "0": 2950.0
    },
    "mem_peak_gb": {
      "0": 24.68046123551276,
      "1": 22.562060220718248,
      "2": 23.452833961341113,
      "3": 20.898523993268707,
      "4": 30.91839847843658,
      "5": 24.68066578965426,
      "6": 14.750153655554115,
      "7": 20.96041787090894,
      "8": 13.000750660574326,
      "9": 42.069151658647804,
      "10": 8.017746525557701,
      "11": 35.32351008867316,
      "12": 19.126692603192385,
      "13": 47.98943560854701,
      "14": 47.93808977608741,
      "15": 47.99323498587071,
      "16": 38.684287632024166,
      "17": 25.108148551001293,
      "18": 31.710289971567214,
      "19": 23.088378988935055
    },
    "vram_peak_gb": {
      "0": 0.7623670234286963,
      "1": 0.7625956788765188,
      "2": 0.7642914587961469,
      "3": 0.763468961119025,
      "4": 0.76516047875026,
      "5": 0.7613592293579488,
      "6": 0.7634101959362367,
      "7": 0.7647275154870552,
      "8": 0.7616283441552185,
      "9": 0.7619772021113106,
      "10": 0.7616531726580155,
      "11": 0.76212045982444,
      "12": 0.7634530329655846,
      "13": 0.7647603637496875,
      "14": 0.7612999870052543,
      "15": 0.7627675293944554,
      "16": 0.7613812808772865,
      "17": 0.7635633553561965,
      "18": 0.7622697253581839,
      "19": 0.7616799231446241
    }
  },
  "failures": {
    "mem_full": 186
  }
}