{
  "overall": {
    "completed_tiles": 2875,
    "total_tiles": 9280,
    "completed_tasks": 41,
    "total_tasks": 290
  },
  "latency": {
    "tile_mean": 733.9026086956521,
    "tile_p95": 2744,
    "tile_p99": 3032,
    "task_mean": 663.8048780487804,
    "task_p95": 2936,
    "task_p99": 3041
  },
  "resource": {
    "avg_queue_len": {
      "0": 0.18666666666666668,
      "1": 0.2838888888888889,
      "2": 0.30833333333333335,
      "3": 0.5786111111111111,
      "4": 0.13722222222222222,
      "5": 0.5647222222222222,
      "6": 0.4361111111111111,
      "7": 0.6886111111111111,
      "8": 0.41444444444444445,
      "9": 0.5847222222222223,
      "10": 1.1308333333333334,
      "11": 1.2444444444444445,
      "12": 1.2008333333333334,
      "13": 1.3947222222222222,
      "14": 0.9461111111111111,
      "15": 0.8447222222222223,
      "16": 1.0541666666666667,
      "17": 0.5313888888888889,
      "18": 0.9713888888888889,
      "19": 0.5511111111111111,
      "20": 0.5980555555555556,
      "21": 1.1525,
      "22": 0.9336111111111111,
      "23": 1.095,
      "24": 1.0794444444444444,
      "25": 0.8861111111111111,
      "26": 0.34833333333333333,
      "27": 0.7511111111111111,
      "28": 0.4047222222222222,
      "29": 0.7511111111111111,
      "30": 0.3541666666666667,
      "31": 0.5141666666666667,
      "32": 0.7247222222222223,
      "33": 0.5405555555555556,
      "34": 0.4891666666666667,
      "35": 0.09694444444444444,
      "36": 0.57,
      "37": 0.7277777777777777,
      "38": 0.5405555555555556,
      "39": 0.21861111111111112,
      "40": 0.4475,
      "41": 0.4638888888888889,
      "42": 0.5438888888888889,
      "43": 0.19611111111111112,
      "44": 0.44972222222222225,
      "45": 0.44916666666666666,
      "46": 0.9483333333333334,
      "47": 0.315,
      "48": 0.5527777777777778,
      "49": 1.205,
      "50": 0.5069444444444444,
      "51": 0.3313888888888889,
      "52": 0.44166666666666665,
      "53": 0.6752777777777778,
      "54": 0.5966666666666667,
      "55": 0.46555555555555556,
      "56": 0.8219444444444445,
      "57": 0.5558333333333333,
      "58": 0.8511111111111112,
      "59": 0.26666666666666666,
      "60": 1.3080555555555555,
      "61": 1.231111111111111,
      "62": 0.7516666666666667,
      "63": 0.8088888888888889,
      "64": 0.5569444444444445,
      "65": 0.5941666666666666
    },
    "compute_busy_time": {
      "44": 1050.0,
      "41": 950.0,
      "16": 1770.0,
      "53": 1320.0,
      "18": 1910.0,
      "51": 860.0,
      "23": 1690.0,
      "32": 1340.0,
      "54": 1450.0,
      "19": 870.0,
      "25": 1490.0,
      "62": 1660.0,
      "6": 860.0,
      "43": 390.0,
      "11": 2300.0,
      "29": 1120.0,
      "49": 1940.0,
      "14": 1690.0,
      "7": 885.0,
      "8": 740.0,
      "9": 1210.0,
      "21": 1920.0,
      "61": 1800.0,
      "60": 1970.0,
      "26": 740.0,
      "10": 1915.0,
      "47": 850.0,
      "46": 1580.0,
      "63": 1580.0,
      "59": 470.0,
      "65": 1290.0,
      "17": 970.0,
      "20": 1310.0,
      "64": 1030.0,
      "27": 1550.0,
      "57": 930.0,
      "58": 1690.0,
      "55": 930.0,
      "2": 750.0,
      "36": 1460.0,
      "52": 1020.0,
      "22": 1790.0,
      "24": 2000.0,
      "38": 1070.0,
      "42": 1160.0,
      "4": 400.0,
      "34": 830.0,
      "48": 1300.0,
      "39": 520.0,
      "30": 690.0,
      "33": 960.0,
      "12": 2040.0,
      "28": 620.0,
      "45": 1110.0,
      "50": 720.0,
      "15": 1540.0,
      "40": 990.0,
      "5": 1240.0,
      "56": 1370.0,
      "37": 1260.0,
      "3": 1050.0,
      "1": 620.0,
      "13": 2240.0,
      "31": 710.0,
      "35": 160.0,
      "0": 360.0
    },
    "mem_peak_gb": {
      "0": 5.226347297146788,
      "1": 5.105581861939239,
      "2": 6.526524997247203,
      "3": 7.724547556201084,
      "4": 4.977939637640224,
      "5": 8.108788412308957,
      "6": 9.781405340641891,
      "7": 14.63892588481523,
      "8": 12.881792626618791,
      "9": 8.898021663738373,
      "10": 10.028450914309047,
      "11": 7.642984277262696,
      "12": 13.634256619332875,
      "13": 13.568480751333254,
      "14": 15.279357254514007,
      "15": 12.039231261838149,
      "16": 10.130903994622543,
      "17": 9.352866607565527,
      "18": 15.580047807111164,
      "19": 7.633373163695728,
      "20": 8.23158828622252,
      "21": 12.05840680790786,
      "22": 10.662655443802995,
      "23": 12.390112610173711,
      "24": 10.412199536231489,
      "25": 12.312208973379276,
      "26": 11.522380993596247,
      "27": 9.238760428410993,
      "28": 15.463345336700485,
      "29": 15.98528692494979,
      "30": 10.741221323162499,
      "31": 13.75779714559895,
      "32": 11.69158729737825,
      "33": 10.288392732188433,
      "34": 13.575014602303616,
      "35": 7.776642959302082,
      "36": 7.727165534003931,
      "37": 9.535097468427988,
      "38": 12.70314823275528,
      "39": 9.99139945517795,
      "40": 8.675517895292563,
      "41": 6.9849830114989535,
      "42": 7.136933051183957,
      "43": 4.026858535057221,
      "44": 6.996241497559587,
      "45": 11.177248542816473,
      "46": 16.110913416237445,
      "47": 4.776866489949648,
      "48": 7.396069704838537,
      "49": 15.860545312122454,
      "50": 11.859036461931298,
      "51": 7.622799831394111,
      "52": 8.115763234867309,
      "53": 7.759278644346383,
      "54": 6.046367499248032,
      "55": 7.357347717815572,
      "56": 12.655039144803165,
      "57": 9.475187173123793,
      "58": 8.642204110014434,
      "59": 6.153415475981289,
      "60": 13.529269541199344,
      "61": 13.399135463942493,
      "62": 6.264821799549484,
      "63": 10.006776441277554,
      "64": 11.002871211227202,
      "65": 6.406862896043686
    },
    "vram_peak_gb": {
      "0": 0.7625982441039252,
      "1": 0.7599692870879734,
      "2": 0.7613812808772865,
      "3": 0.7606507694370618,
      "4": 0.7597006225900804,
      "5": 0.7613076309062627,
      "6": 0.7608926362782101,
      "7": 0.7610248916089379,
      "8": 0.7627675293944554,
      "9": 0.7619050993539657,
      "10": 0.7635633553561965,
      "11": 0.76212045982444,
      "12": 0.7616210525949602,
      "13": 0.7647603637496875,
      "14": 0.7634101959362367,
      "15": 0.76516047875026,
      "16": 0.7625956788765188,
      "17": 0.7626781316785021,
      "18": 0.7616799231446241,
      "19": 0.7611348207373214,
      "20": 0.7604190777134957,
      "21": 0.7610452643604133,
      "22": 0.7602337209235873,
      "23": 0.7608574017657372,
      "24": 0.761911315567133,
      "25": 0.7602111873240501,
      "26": 0.7614424563976558,
      "27": 0.7647275154870552,
      "28": 0.7615669677056354,
      "29": 0.7606028439368295,
      "30": 0.76168749499826,
      "31": 0.7590348904751422,
      "32": 0.7607116505202519,
      "33": 0.7618736964378456,
      "34": 0.7612464378559636,
      "35": 0.7615786163776894,
      "36": 0.760976011881718,
      "37": 0.7607846531309534,
      "38": 0.7616531726580155,
      "39": 0.7595111520225568,
      "40": 0.7616878460754213,
      "41": 0.7592673308770848,
      "42": 0.7632776843107468,
      "43": 0.7616283441552185,
      "44": 0.7606346431815826,
      "45": 0.7604199707160708,
      "46": 0.7609145096041654,
      "47": 0.7642914587961469,
      "48": 0.7603769664831095,
      "49": 0.7613576354864307,
      "50": 0.7605761627547108,
      "51": 0.761453769564685,
      "52": 0.7614637676105647,
      "53": 0.7611101820832468,
      "54": 0.7607167962428749,
      "55": 0.7600518432254957,
      "56": 0.761153001134657,
      "57": 0.7587153560767611,
      "58": 0.7610194397312467,
      "59": 0.7603480722925786,
      "60": 0.7622697253581839,
      "61": 0.7623670234286963,
      "62": 0.7597971219452614,
      "63": 0.7607848702985651,
      "64": 0.7605357481956173,
      "65": 0.7622766601719895
    }
  },
  "failures": {}
}